﻿<?xml version="1.0" encoding="utf-8" standalone="yes"?>
<window>
  <id>1206</id>
  <defaultcontrol>8</defaultcontrol>
  <allowoverlay>no</allowoverlay>
  <controls>
    <control>
      <description>background image</description>
      <type>image</type>
      <id>1</id>
      <width>720</width>
      <height>576</height>
    </control>
    <control>
      <type>image</type>
      <id>1</id>
      <posX>60</posX>
      <posY>20</posY>
      <texture>info_logo.png</texture>
      <animation effect="fade" time="250">WindowOpen</animation>
      <animation effect="fade" time="250">WindowClose</animation>
    </control>
    <control>
      <description>File Title</description>
      <type>label</type>
      <id>20</id>
      <posX>220</posX>
      <posY>50</posY>
      <label>-</label>
      <font>font16</font>
      <align>left</align>
      <textcolor>FFFFFFFF</textcolor>
      <animation effect="fade" time="250">WindowOpen</animation>
      <animation effect="fade" time="250">WindowClose</animation>
    </control>
    <control>
      <description>System</description>
      <type>label</type>
      <id>31</id>
      <posX>60</posX>
      <posY>100</posY>
      <label>13000</label>
      <font>font13</font>
      <textcolor>FFB2D4F5</textcolor>
      <animation effect="fade" time="250">WindowOpen</animation>
      <animation effect="fade" time="250">WindowClose</animation>
    </control>
    <control>
      <description>Manufacturer</description>
      <type>label</type>
      <id>32</id>
      <posX>60</posX>
      <posY>120</posY>
      <label>13001</label>
      <font>font13</font>
      <textcolor>FFB2D4F5</textcolor>
      <animation effect="fade" time="250">WindowOpen</animation>
      <animation effect="fade" time="250">WindowClose</animation>
    </control>
    <control>
      <description>Rating</description>
      <type>label</type>
      <id>33</id>
      <posX>60</posX>
      <posY>140</posY>
      <label>173</label>
      <font>font13</font>
      <textcolor>FFB2D4F5</textcolor>
      <animation effect="fade" time="250">WindowOpen</animation>
      <animation effect="fade" time="250">WindowClose</animation>
    </control>
    <control>
      <description>Genre</description>
      <type>label</type>
      <id>34</id>
      <posX>60</posX>
      <posY>160</posY>
      <label>174</label>
      <font>font13</font>
      <textcolor>FFB2D4F5</textcolor>
      <animation effect="fade" time="250">WindowOpen</animation>
      <animation effect="fade" time="250">WindowClose</animation>
    </control>
    <control>
      <description>System value</description>
      <type>fadelabel</type>
      <id>21</id>
      <posX>220</posX>
      <posY>100</posY>
      <width>410</width>
      <label>-</label>
      <font>font13</font>
      <textcolor>FFFFFFFF</textcolor>
      <animation effect="fade" time="250">WindowOpen</animation>
      <animation effect="fade" time="250">WindowClose</animation>
    </control>
    <control>
      <description>Manufacturer value</description>
      <type>fadelabel</type>
      <id>22</id>
      <posX>220</posX>
      <posY>120</posY>
      <width>410</width>
      <label>-</label>
      <font>font13</font>
      <textcolor>FFFFFFFF</textcolor>
      <animation effect="fade" time="250">WindowOpen</animation>
      <animation effect="fade" time="250">WindowClose</animation>
    </control>
    <control>
      <description>Rating value</description>
      <type>fadelabel</type>
      <id>23</id>
      <posX>220</posX>
      <posY>140</posY>
      <width>410</width>
      <label>-</label>
      <font>font13</font>
      <textcolor>FFFFFFFF</textcolor>
      <animation effect="fade" time="250">WindowOpen</animation>
      <animation effect="fade" time="250">WindowClose</animation>
    </control>
    <control>
      <description>Genre value</description>
      <type>fadelabel</type>
      <id>24</id>
      <posX>220</posX>
      <posY>160</posY>
      <width>410</width>
      <label>-</label>
      <font>font13</font>
      <textcolor>FFFFFFFF</textcolor>
      <animation effect="fade" time="250">WindowOpen</animation>
      <animation effect="fade" time="250">WindowClose</animation>
    </control>
    <control>
      <description>Screenshot</description>
      <type>image</type>
      <id>3</id>
      <posX>60</posX>
      <posY>190</posY>
      <width>140</width>
      <height>140</height>
      <texture>-</texture>
      <colorkey>FFFF00FF</colorkey>
      <colordiffuse>FFFFFFFF</colordiffuse>
      <keepaspectratio>yes</keepaspectratio>
      <animation effect="fade" time="250">WindowOpen</animation>
      <animation effect="fade" time="250">WindowClose</animation>
    </control>
    <control>
      <description>Screenshot big</description>
      <type>image</type>
      <id>10</id>
      <posX>220</posX>
      <posY>190</posY>
      <width>410</width>
      <height>340</height>
      <texture>-</texture>
      <colorkey>FFFF00FF</colorkey>
      <colordiffuse>FFFFFFFF</colordiffuse>
      <keepaspectratio>yes</keepaspectratio>
      <animation effect="fade" time="250">WindowOpen</animation>
      <animation effect="fade" time="250">WindowClose</animation>
    </control>
    <control>
      <description>Overview</description>
      <type>textbox</type>
      <id>4</id>
      <posY>190</posY>
      <height>340</height>
      <label>-</label>
      <font>font13</font>
      <textcolor>FFFFFFFF</textcolor>
      <onleft>8</onleft>
      <onright>8</onright>
      <onup>8</onup>
      <ondown>8</ondown>
      <animation effect="fade" time="250">WindowOpen</animation>
      <animation effect="fade" time="250">WindowClose</animation>
    </control>
    <control>
      <description>Refresh</description>
      <type>button</type>
      <id>12</id>
      <posX>60</posX>
      <posY>360</posY>
      <width>130</width>
      <label>184</label>
      <font>font13</font>
      <onup>8</onup>
      <ondown>11</ondown>
      <onleft>4</onleft>
      <onright>4</onright>
      <animation effect="fade" time="250">WindowOpen</animation>
      <animation effect="fade" time="250">WindowClose</animation>
    </control>
    <control>
      <description>Overview / Screenshot Toggle</description>
      <type>button</type>
      <id>11</id>
      <posX>60</posX>
      <posY>394</posY>
      <width>130</width>
      <label>13006</label>
      <font>font13</font>
      <onup>12</onup>
      <ondown>7</ondown>
      <onleft>4</onleft>
      <onright>4</onright>
      <animation effect="fade" time="250">WindowOpen</animation>
      <animation effect="fade" time="250">WindowClose</animation>
    </control>
    <control>
      <description>Prev</description>
      <type>button</type>
      <id>7</id>
      <posX>60</posX>
      <posY>428</posY>
      <width>130</width>
      <label>210</label>
      <font>font13</font>
      <onup>11</onup>
      <ondown>9</ondown>
      <onleft>4</onleft>
      <onright>4</onright>
      <animation effect="fade" time="250">WindowOpen</animation>
      <animation effect="fade" time="250">WindowClose</animation>
    </control>
    <control>
      <description>Next</description>
      <type>button</type>
      <id>9</id>
      <posX>60</posX>
      <posY>462</posY>
      <width>130</width>
      <label>209</label>
      <font>font13</font>
      <onup>7</onup>
      <ondown>8</ondown>
      <onleft>4</onleft>
      <onright>4</onright>
      <animation effect="fade" time="250">WindowOpen</animation>
      <animation effect="fade" time="250">WindowClose</animation>
    </control>
    <control>
      <description>Launch</description>
      <type>button</type>
      <id>8</id>
      <posX>60</posX>
      <posY>496</posY>
      <width>130</width>
      <label>13002</label>
      <font>font13</font>
      <onup>9</onup>
      <ondown>12</ondown>
      <onleft>4</onleft>
      <onright>4</onright>
      <animation effect="fade" time="250">WindowOpen</animation>
      <animation effect="fade" time="250">WindowClose</animation>
    </control>
  </controls>
</window>
