<?xml version="1.0" encoding="iso-8859-1"?>
<contentprofiles>
	<profile id="100">
		<title>Default Profile</title>
		<fields>
			<field fieldid="Line1Label"></field>
			<field fieldid="Line2Label"></field>
			<field fieldid="Line3Label"></field>
			<field fieldid="Line4Label"></field>
			<field fieldid="Line1Data">[VALUEOFTAG("system")]</field>
			<field fieldid="Line2Data">[VALUEOFTAG("yearmanu")]</field>
			<field fieldid="Line3Data">[VALUEOFTAG("rating")]</field>
			<field fieldid="Line4Data">[VALUEOFTAG("genre")]</field>
			<field fieldid="OverviewData">[VALUEOFTAG("overview")]</field>
		</fields>
	</profile>
	<profile id="110">
		<title>"Kino.de" - Profile</title>
		<fields>
			<field fieldid="Line1Label">Produziert:</field>
			<field fieldid="Line2Label">Spieldauer:</field>
			<field fieldid="Line3Label">Genre:</field>
			<field fieldid="Line4Label">Kinos:</field>
			<field fieldid="Line1Data">[VALUEOFTAG("produced")] ([VALUEOFTAG("released")])</field>
			<field fieldid="Line2Data">[VALUEOFTAG("duration")]</field>
			<field fieldid="Line3Data">[VALUEOFTAG("genre")]</field>
			<field fieldid="Line4Data">[NAMEOFCATEGORY(1)] [VALUEOFCATEGORY(1)]   [NAMEOFCATEGORY(2)] [VALUEOFCATEGORY(2)]   [NAMEOFCATEGORY(3)] [VALUEOFCATEGORY(3)]</field>
			<field fieldid="OverviewData">[VALUEOFTAG("overview")]</field>
		</fields>
	</profile>
</contentprofiles>
