<SOAP-ENV:Envelope xmlns:xsi="http://www.w3.org/2001/XMLSchema-instance" xmlns:xsd="http://www.w3.org/2001/XMLSchema" xmlns:SOAP-ENC="http://schemas.xmlsoap.org/soap/encoding/" xmlns:SOAP-ENV="http://schemas.xmlsoap.org/soap/envelope/" xmlns:clr="http://schemas.microsoft.com/soap/encoding/clr/1.0" SOAP-ENV:encodingStyle="http://schemas.xmlsoap.org/soap/encoding/">
<SOAP-ENV:Body>
<a1:ArrayList id="ref-1" xmlns:a1="http://schemas.microsoft.com/clr/ns/System.Collections">
<_items href="#ref-2"/>
<_size>6</_size>
<_version>6</_version>
</a1:ArrayList>
<SOAP-ENC:Array id="ref-2" SOAP-ENC:arrayType="xsd:anyType[8]">
<item href="#ref-3"/>
<item href="#ref-4"/>
<item href="#ref-5"/>
<item href="#ref-6"/>
<item href="#ref-7"/>
<item href="#ref-8"/>
</SOAP-ENC:Array>
<a3:ViewDefinition id="ref-3" xmlns:a3="http://schemas.microsoft.com/clr/nsassem/MediaPortal.GUI.View/Core%2C%20Version%3D0.2.2.0%2C%20Culture%3Dneutral%2C%20PublicKeyToken%3Dnull">
<listFilters href="#ref-10"/>
<name id="ref-11">13031</name>
</a3:ViewDefinition>
<a3:ViewDefinition id="ref-4" xmlns:a3="http://schemas.microsoft.com/clr/nsassem/MediaPortal.GUI.View/Core%2C%20Version%3D0.2.2.0%2C%20Culture%3Dneutral%2C%20PublicKeyToken%3Dnull">
<listFilters href="#ref-12"/>
<name id="ref-13">135</name>
</a3:ViewDefinition>
<a3:ViewDefinition id="ref-5" xmlns:a3="http://schemas.microsoft.com/clr/nsassem/MediaPortal.GUI.View/Core%2C%20Version%3D0.2.2.0%2C%20Culture%3Dneutral%2C%20PublicKeyToken%3Dnull">
<listFilters href="#ref-14"/>
<name id="ref-15">931</name>
</a3:ViewDefinition>
<a3:ViewDefinition id="ref-6" xmlns:a3="http://schemas.microsoft.com/clr/nsassem/MediaPortal.GUI.View/Core%2C%20Version%3D0.2.2.0%2C%20Culture%3Dneutral%2C%20PublicKeyToken%3Dnull">
<listFilters href="#ref-16"/>
<name id="ref-17">987</name>
</a3:ViewDefinition>
<a3:ViewDefinition id="ref-7" xmlns:a3="http://schemas.microsoft.com/clr/nsassem/MediaPortal.GUI.View/Core%2C%20Version%3D0.2.2.0%2C%20Culture%3Dneutral%2C%20PublicKeyToken%3Dnull">
<listFilters href="#ref-18"/>
<name id="ref-19">13032</name>
</a3:ViewDefinition>
<a3:ViewDefinition id="ref-8" xmlns:a3="http://schemas.microsoft.com/clr/nsassem/MediaPortal.GUI.View/Core%2C%20Version%3D0.2.2.0%2C%20Culture%3Dneutral%2C%20PublicKeyToken%3Dnull">
<listFilters href="#ref-20"/>
<name id="ref-21">13033</name>
</a3:ViewDefinition>
<a1:ArrayList id="ref-10" xmlns:a1="http://schemas.microsoft.com/clr/ns/System.Collections">
<_items href="#ref-22"/>
<_size>2</_size>
<_version>74</_version>
</a1:ArrayList>
<a1:ArrayList id="ref-12" xmlns:a1="http://schemas.microsoft.com/clr/ns/System.Collections">
<_items href="#ref-23"/>
<_size>2</_size>
<_version>83</_version>
</a1:ArrayList>
<a1:ArrayList id="ref-14" xmlns:a1="http://schemas.microsoft.com/clr/ns/System.Collections">
<_items href="#ref-24"/>
<_size>2</_size>
<_version>95</_version>
</a1:ArrayList>
<a1:ArrayList id="ref-16" xmlns:a1="http://schemas.microsoft.com/clr/ns/System.Collections">
<_items href="#ref-25"/>
<_size>2</_size>
<_version>68</_version>
</a1:ArrayList>
<a1:ArrayList id="ref-18" xmlns:a1="http://schemas.microsoft.com/clr/ns/System.Collections">
<_items href="#ref-26"/>
<_size>1</_size>
<_version>109</_version>
</a1:ArrayList>
<a1:ArrayList id="ref-20" xmlns:a1="http://schemas.microsoft.com/clr/ns/System.Collections">
<_items href="#ref-27"/>
<_size>1</_size>
<_version>39</_version>
</a1:ArrayList>
<SOAP-ENC:Array id="ref-22" SOAP-ENC:arrayType="xsd:anyType[4]">
<item href="#ref-28"/>
<item href="#ref-29"/>
</SOAP-ENC:Array>
<SOAP-ENC:Array id="ref-23" SOAP-ENC:arrayType="xsd:anyType[4]">
<item href="#ref-30"/>
<item href="#ref-31"/>
</SOAP-ENC:Array>
<SOAP-ENC:Array id="ref-24" SOAP-ENC:arrayType="xsd:anyType[4]">
<item href="#ref-32"/>
<item href="#ref-33"/>
</SOAP-ENC:Array>
<SOAP-ENC:Array id="ref-25" SOAP-ENC:arrayType="xsd:anyType[4]">
<item href="#ref-34"/>
<item href="#ref-35"/>
</SOAP-ENC:Array>
<SOAP-ENC:Array id="ref-26" SOAP-ENC:arrayType="xsd:anyType[4]">
<item href="#ref-36"/>
</SOAP-ENC:Array>
<SOAP-ENC:Array id="ref-27" SOAP-ENC:arrayType="xsd:anyType[4]">
<item href="#ref-37"/>
</SOAP-ENC:Array>
<a3:FilterDefinition id="ref-28" xmlns:a3="http://schemas.microsoft.com/clr/nsassem/MediaPortal.GUI.View/Core%2C%20Version%3D0.2.2.0%2C%20Culture%3Dneutral%2C%20PublicKeyToken%3Dnull">
<distinct>false</distinct>
<sortAscending>true</sortAscending>
<restriction id="ref-38"></restriction>
<whereClause id="ref-39">manufacturer</whereClause>
<fromStatement id="ref-40"></fromStatement>
<sqloperator href="#ref-38"/>
<whereValue id="ref-41">*</whereValue>
<selectedValue href="#ref-40"/>
<defaultView id="ref-42">List</defaultView>
<defaultSort id="ref-43">Name</defaultSort>
<limit>-1</limit>
</a3:FilterDefinition>
<a3:FilterDefinition id="ref-29" xmlns:a3="http://schemas.microsoft.com/clr/nsassem/MediaPortal.GUI.View/Core%2C%20Version%3D0.2.2.0%2C%20Culture%3Dneutral%2C%20PublicKeyToken%3Dnull">
<distinct>false</distinct>
<sortAscending>true</sortAscending>
<restriction href="#ref-38"/>
<whereClause id="ref-44">title</whereClause>
<fromStatement href="#ref-40"/>
<sqloperator href="#ref-38"/>
<whereValue href="#ref-41"/>
<selectedValue href="#ref-40"/>
<defaultView href="#ref-42"/>
<defaultSort id="ref-45">Title</defaultSort>
<limit>-1</limit>
</a3:FilterDefinition>
<a3:FilterDefinition id="ref-30" xmlns:a3="http://schemas.microsoft.com/clr/nsassem/MediaPortal.GUI.View/Core%2C%20Version%3D0.2.2.0%2C%20Culture%3Dneutral%2C%20PublicKeyToken%3Dnull">
<distinct>false</distinct>
<sortAscending>true</sortAscending>
<restriction href="#ref-38"/>
<whereClause id="ref-46">genre</whereClause>
<fromStatement href="#ref-40"/>
<sqloperator href="#ref-38"/>
<whereValue href="#ref-41"/>
<selectedValue href="#ref-40"/>
<defaultView id="ref-47">List</defaultView>
<defaultSort href="#ref-43"/>
<limit>-1</limit>
</a3:FilterDefinition>
<a3:FilterDefinition id="ref-31" xmlns:a3="http://schemas.microsoft.com/clr/nsassem/MediaPortal.GUI.View/Core%2C%20Version%3D0.2.2.0%2C%20Culture%3Dneutral%2C%20PublicKeyToken%3Dnull">
<distinct>false</distinct>
<sortAscending>true</sortAscending>
<restriction href="#ref-38"/>
<whereClause id="ref-48">title</whereClause>
<fromStatement href="#ref-40"/>
<sqloperator href="#ref-38"/>
<whereValue href="#ref-41"/>
<selectedValue href="#ref-40"/>
<defaultView href="#ref-47"/>
<defaultSort href="#ref-45"/>
<limit>-1</limit>
</a3:FilterDefinition>
<a3:FilterDefinition id="ref-32" xmlns:a3="http://schemas.microsoft.com/clr/nsassem/MediaPortal.GUI.View/Core%2C%20Version%3D0.2.2.0%2C%20Culture%3Dneutral%2C%20PublicKeyToken%3Dnull">
<distinct>false</distinct>
<sortAscending>true</sortAscending>
<restriction href="#ref-38"/>
<whereClause id="ref-49">rating</whereClause>
<fromStatement href="#ref-40"/>
<sqloperator href="#ref-38"/>
<whereValue href="#ref-41"/>
<selectedValue href="#ref-40"/>
<defaultView href="#ref-47"/>
<defaultSort id="ref-50">Name</defaultSort>
<limit>-1</limit>
</a3:FilterDefinition>
<a3:FilterDefinition id="ref-33" xmlns:a3="http://schemas.microsoft.com/clr/nsassem/MediaPortal.GUI.View/Core%2C%20Version%3D0.2.2.0%2C%20Culture%3Dneutral%2C%20PublicKeyToken%3Dnull">
<distinct>false</distinct>
<sortAscending>true</sortAscending>
<restriction href="#ref-38"/>
<whereClause href="#ref-48"/>
<fromStatement href="#ref-40"/>
<sqloperator href="#ref-38"/>
<whereValue href="#ref-41"/>
<selectedValue href="#ref-40"/>
<defaultView href="#ref-47"/>
<defaultSort href="#ref-45"/>
<limit>-1</limit>
</a3:FilterDefinition>
<a3:FilterDefinition id="ref-34" xmlns:a3="http://schemas.microsoft.com/clr/nsassem/MediaPortal.GUI.View/Core%2C%20Version%3D0.2.2.0%2C%20Culture%3Dneutral%2C%20PublicKeyToken%3Dnull">
<distinct>false</distinct>
<sortAscending>true</sortAscending>
<restriction href="#ref-38"/>
<whereClause id="ref-51">year</whereClause>
<fromStatement href="#ref-40"/>
<sqloperator href="#ref-38"/>
<whereValue href="#ref-41"/>
<selectedValue href="#ref-40"/>
<defaultView href="#ref-47"/>
<defaultSort href="#ref-43"/>
<limit>-1</limit>
</a3:FilterDefinition>
<a3:FilterDefinition id="ref-35" xmlns:a3="http://schemas.microsoft.com/clr/nsassem/MediaPortal.GUI.View/Core%2C%20Version%3D0.2.2.0%2C%20Culture%3Dneutral%2C%20PublicKeyToken%3Dnull">
<distinct>false</distinct>
<sortAscending>true</sortAscending>
<restriction href="#ref-38"/>
<whereClause href="#ref-48"/>
<fromStatement href="#ref-40"/>
<sqloperator href="#ref-38"/>
<whereValue href="#ref-41"/>
<selectedValue href="#ref-40"/>
<defaultView href="#ref-47"/>
<defaultSort href="#ref-45"/>
<limit>-1</limit>
</a3:FilterDefinition>
<a3:FilterDefinition id="ref-36" xmlns:a3="http://schemas.microsoft.com/clr/nsassem/MediaPortal.GUI.View/Core%2C%20Version%3D0.2.2.0%2C%20Culture%3Dneutral%2C%20PublicKeyToken%3Dnull">
<distinct>false</distinct>
<sortAscending>false</sortAscending>
<restriction id="ref-52">0</restriction>
<whereClause id="ref-53">launchcount</whereClause>
<fromStatement href="#ref-40"/>
<sqloperator id="ref-54">&#62;</sqloperator>
<whereValue href="#ref-41"/>
<selectedValue href="#ref-40"/>
<defaultView id="ref-55">List</defaultView>
<defaultSort id="ref-56">LaunchCount</defaultSort>
<limit>100</limit>
</a3:FilterDefinition>
<a3:FilterDefinition id="ref-37" xmlns:a3="http://schemas.microsoft.com/clr/nsassem/MediaPortal.GUI.View/Core%2C%20Version%3D0.2.2.0%2C%20Culture%3Dneutral%2C%20PublicKeyToken%3Dnull">
<distinct>false</distinct>
<sortAscending>false</sortAscending>
<restriction id="ref-57">01.01.0001 00:00:00</restriction>
<whereClause id="ref-58">lastTimeLaunched</whereClause>
<fromStatement href="#ref-40"/>
<sqloperator id="ref-59">&#62;</sqloperator>
<whereValue href="#ref-41"/>
<selectedValue href="#ref-40"/>
<defaultView href="#ref-47"/>
<defaultSort id="ref-60">LastTimeLaunched</defaultSort>
<limit>100</limit>
</a3:FilterDefinition>
</SOAP-ENV:Body>
</SOAP-ENV:Envelope>
